booking_numb,passp_id
NR47K1_200218,78
6VYBZB_200629,46
R37NUP_210508,28
Z1F452_250716,90
0T76R6_230314,49
0TPAS2_210401,92
9QVO6L_200513,15
G81PI0_230724,98
0P99Q7_241201,100
K4A94V_250430,21
R75312_230416,48
Q06PDX_200831,47
9L9627_200617,20
R3TN3H_230212,48
7VOP03_220416,6
76YDJE_201127,100
Q2IM7Z_220615,83
0403Z9_200211,28
13P1H5_230201,78
DNZU5C_230910,94
MEEV8B_220628,87
6WUV4S_210121,57
9M6DZM_250318,74
72Q226_250419,73
451EVQ_230612,11
CBM736_211015,72
6H855Y_220523,100
7B5I30_250510,54
PQ35MM_210529,83
5345RS_250419,7
AI1QZ3_201115,27
M1Q99D_220712,58
VQCD87_221021,45
TFTGSM_250206,1
09Q80E_220330,5
T4M1T2_230926,23
9KNUNR_240715,38
JK4F67_201212,61
11ZXS2_250104,54
2CT26F_220212,1
